video_url,user_url,username,title,view_num,created_at,shortdesc,collected_at
/watch?v=9Ic0klFqawU&pp=ygUOY2xpbWF0ZSBjaGFuZ2U%3D,/@DWTravel,DW Travel,Winter Sports: How Climate Change Is Affecting Ski Resorts,6.4K,1 day,"The Alps have always been a safe bet for skiers‚Äîuntil now. As a consequence of climate change, there is less snow, and slopes¬†...",2024-01-29 19:46:36.861566
/watch?v=X3imskGGXtw&pp=ygUOY2xpbWF0ZSBjaGFuZ2U%3D,/@NBCNews,NBC News,Study shows flooding in San Diego amplified by climate change,23K,2 days,"Severe flooding that is occurring in many places in the U.S., like San Diego, California, are being amplified by climate change,¬†...",2024-01-29 19:46:36.868419
/watch?v=dcBXmj1nMTQ&pp=ygUOY2xpbWF0ZSBjaGFuZ2U%3D,/@aljazeeraenglish,Al Jazeera English,What is Climate Change? | Start Here,1.4M,4 years,"The hard facts about global warming - a defining issue of our time. Climate change is happening now, and even world leaders¬†...",2024-01-29 19:46:36.870689
/watch?v=pEt6-jA2UE4&pp=ygUOY2xpbWF0ZSBjaGFuZ2U%3D,/@DWDocumentary,DW Documentary,Climate change - Averting catastrophe | DW Documentary,2.1M,6 months,"In the last 30 years, CO2 emissions have increased by 60 percent worldwide. The most pressing problem facing our civilization is¬†...",2024-01-29 19:46:36.878439
/watch?v=EtW2rrLHs08&pp=ygUOY2xpbWF0ZSBjaGFuZ2U%3D,/@NatGeo,National Geographic,Climate Change 101 with Bill Nye | National Geographic,2.8M,8 years,About National Geographic's 101 Series: Explore and experience the forces that shape the world around us. Get More National¬†...,2024-01-29 19:46:36.882074
/watch?v=wkqDJwTIg_E&pp=ygUOY2xpbWF0ZSBjaGFuZ2U%3D,/@pbsterra,PBS Terra,"Earth's Temperature Has Changed WILDLY, So What's the Big Deal About a Few Degrees?",140K,1 month,"If you take a look at global temperature graphs that span millions or billions of years, you can see that our planet's temperature¬†...",2024-01-29 19:46:43.988803
/watch?v=LxgMdjyw8uw&pp=ygUOY2xpbWF0ZSBjaGFuZ2U%3D,/@kurzgesagt,Kurzgesagt ‚Äì In a Nutshell,We WILL Fix Climate Change!,10M,1 year,Our home is burning. Rapid climate change is destabilizing our world. It seems our emissions will not fall quickly enough to avoid¬†...,2024-01-29 19:46:43.999961
/watch?v=gX3vtpUqwk8&pp=ygUOY2xpbWF0ZSBjaGFuZ2U%3D,/@ADDvanced,ADDvanced,WORST SEASON EVER:  The Future of Snowmobiling & Climate Change,2.7K,1 day,Will snowmobiling have a future? While I sit around watching all of our snow melt in one of the worst snowmobiling seasons in¬†...,2024-01-29 19:46:44.009378
/watch?v=J1KGnCj_cfM&pp=ygUOY2xpbWF0ZSBjaGFuZ2U%3D,/@SabineHossenfelder,Sabine Hossenfelder,How do we know climate change is caused by humans?,231K,4 days,In this video I summarize the main pieces of evidence that we have which show that climate change is caused by humans. This is¬†...,2024-01-29 19:46:44.012487
/watch?v=QlQ-MEZgRGY&pp=ygUOY2xpbWF0ZSBjaGFuZ2U%3D,/@environmentcan,Environment and Climate Change Canada,What is Climate Change?,322K,2 years,Everyone's talking about climate change but what is our climate? And why is it changing? Our climate has been changing much¬†...,2024-01-29 19:46:44.015979
/watch?v=Y1mPWVzaGQY&pp=ygUOY2xpbWF0ZSBjaGFuZ2U%3D,/@crashcourse,CrashCourse,What is Climate Change?: Crash Course Biology #8,66K,5 months,Life on Earth has weathered boiling-hot oceans and volcanic-ash-darkened skies‚Äîbut that's nothing like the climate change¬†...,2024-01-29 19:46:44.021212
/watch?v=tMwFNMfjFuU&pp=ygUOY2xpbWF0ZSBjaGFuZ2U%3D,/@crashcourse,CrashCourse,What is Climate Change? Crash Course Geography #14,284K,2 years,Today we're going to talk about climate change which is when there is a change in the average weather patterns in a region over¬†...,2024-01-29 19:46:44.030804
/watch?v=3n69omzUFvM&pp=ygUOY2xpbWF0ZSBjaGFuZ2U%3D,/@SabineHossenfelder,Sabine Hossenfelder,"Reality is worse than climate models predict, new study finds",166K,6 days,"In recent years, these events have frequently been attributed to climate change. This ‚Äúextreme event attribution‚Äù how it's called is a¬†...",2024-01-29 19:46:44.040932
/shorts/gwsFmhjZXs0,/channel/UCqksHV6MVMSu4T2BMFk3nmQ,Emerson Brophy,What if climate change isn't real?,2M,2 years,"Of course climate change is very real, apparent and terrifying. Please use this to understand how an underreaction to it is way¬†...",2024-01-29 19:46:44.044917
/watch?v=k3-BKwuDShc&pp=ygUOY2xpbWF0ZSBjaGFuZ2U%3D,/@WION,WION,Climate change: 2023 smashes records for surface temperature and ocean heat | WION,3.5K,2 weeks,The seas are the most obvious sign of global warming because they absorb 90% of the heat that is trapped by carbon emissions¬†...,2024-01-29 19:46:44.047421
/watch?v=eAh9awb5968&pp=ygUOY2xpbWF0ZSBjaGFuZ2U%3D,/@ABCNews,ABC News,A collaboration of scientists is sounding the alarm on climate change,90K,4 months,The World Weather Attribution just released a report saying human-caused climate change played a big role in the catastrophic¬†...,2024-01-29 19:46:44.059205
/watch?v=E6bVBH9y5O8&pp=ygUOY2xpbWF0ZSBjaGFuZ2U%3D,/@besmart,Be Smart,The Biggest Myth About Climate Change,813K,1 year,You've seen it in the comment section before: ‚ÄúClimate change is natural. It's happened before and it will keep happening‚Äù.,2024-01-29 19:46:44.063033
/watch?v=IJoAcD0oUww&pp=ygUOY2xpbWF0ZSBjaGFuZ2U%3D,/@SmileandLearnEnglish,Smile and Learn - English,Climate Change - The environment for Kids (Updated Version),395K,3 years,"Educational video for children to learn what climate change is, what can we do to stop it and take better care of our planet.",2024-01-29 19:46:44.073470
/shorts/qP5snsmmpEc,/@CNN,CNN,Christie reacts to Ramaswamy's climate change claims,907K,5 months,A question on climate change quickly turned personal between Republican presidential candidates Vivek Ramaswamy and Chris¬†...,2024-01-29 19:46:52.104613
/watch?v=qySBQjSXbfw&pp=ygUOY2xpbWF0ZSBjaGFuZ2U%3D,/@DWDocumentary,DW Documentary,Wind and climate change | DW Documentary,1.7M,1 year,"Shifting wind patterns are making extreme weather events more likely. This is because the wind, which distributes areas of high¬†...",2024-01-29 19:46:52.108441
/shorts/8n36krG_b4s,/@Officialjadenwilliams,Jaden Williams,Let HIM COOK üî• #skit #funny #climatechange,13M,8 months,... sandals made from rubber I bet you posted this meat on Facebook didn't you sure seems you're awful climate change if you ask¬†...,2024-01-29 19:46:52.110224
/watch?v=d4LWK2Qgyyw&pp=ygUOY2xpbWF0ZSBjaGFuZ2U%3D,/@PBSNewsHour,PBS NewsHour,Latest climate assessment reveals how much climate change is costing Americans,22K,2 months,The National Climate Assessment shows America is warming faster than the global average with climate change impacting nearly¬†...,2024-01-29 19:46:52.112409
/watch?v=IhtysFlWz3k&pp=ygUOY2xpbWF0ZSBjaGFuZ2U%3D,/@globalnews,Global News,Earth breaches critical warming threshold,22K,2 months,"There is a new, troubling indicator about global warming from the Copernicus Climate Change Service (C3S). The service says¬†...",2024-01-29 19:46:52.113932
/watch?v=cn9PhiDJp-A&pp=ygUOY2xpbWF0ZSBjaGFuZ2U%3D,/@Hopscotchsongs,Hopscotch,Climate Change Song,4.8M,2 years,"Song by Matt & Joanna Pace, in partnership with Octopus Electric Vehicles Video animated by Dakota Sheperd and Jason McNeil¬†...",2024-01-29 19:46:52.115208
/watch?v=acyErLNL7kQ&pp=ygUOY2xpbWF0ZSBjaGFuZ2U%3D,/@HooverInstitution,Hoover Institution,Steven Koonin on The Limitations of Climate Change Models,118K,3 months,"Steven Koonin reviews the state of climate science, focusing on data trends, climate models, and the uncertainties involved.",2024-01-29 19:46:52.117299
/watch?v=oJWX3jVhrqg&pp=ygUOY2xpbWF0ZSBjaGFuZ2U%3D,/@TEDx,TEDx Talks,Facing the New Inconvenient Truth: Climate Change is Upon Us | David Mc Cauley | TEDxOltrarno,599K,3 months,"David Mc Cauley highlights the growing risks posed by our rapidly changing climate and the need to ramp up individual,¬†...",2024-01-29 19:46:52.118834
/watch?v=w-rEQLJEyTs&pp=ygUOY2xpbWF0ZSBjaGFuZ2U%3D,/@SimonClark,Simon Clark,2023: A Year In Climate Change,59K,1 month,REFERENCES www.simonoxfphys.com/blog/2023/12/22/references-for-my-2023-review-of-climate-change-news ---------- II¬†...,2024-01-29 19:46:52.120276
/watch?v=DkZ7BJQupVA&pp=ygUOY2xpbWF0ZSBjaGFuZ2U%3D,/@Vox,Vox,Why humans are so bad at thinking about climate change,2.4M,6 years,"The biggest problem for the climate change fight isn't technology ‚Äì it's human psychology. This is the first episode of Climate Lab,¬†...",2024-01-29 19:46:52.122211
/watch?v=5CbGpWlPXws&pp=ygUOY2xpbWF0ZSBjaGFuZ2U%3D,/@NBCNews,NBC News,Will climate change ever be a bipartisan issue?,3.1K,4 days,"From flooding, to wildfires, to increasing temperatures, climate change has become a prevalent issue as more Americans, even¬†...",2024-01-29 19:46:52.123602
/watch?v=G4H1N_yXBiA&pp=ygUOY2xpbWF0ZSBjaGFuZ2U%3D,/@NatGeo,National Geographic,Causes and Effects of Climate Change | National Geographic,4.7M,6 years,"About National Geographic: National Geographic is the world's premium destination for science, exploration, and adventure.",2024-01-29 19:46:52.125439
/shorts/cKgAiWVnk6E,/@besmart,Be Smart,Climate change is turning sea turtles FEMALE?!,615K,3 weeks,"Another YouTube #shorts from your favorite science dad, Dr. Joe! Join us on Patreon! https://patreon.com/itsokaytobesmart¬†...",2024-01-29 19:46:52.126804
/watch?v=yiw6_JakZFc&pp=ygUOY2xpbWF0ZSBjaGFuZ2U%3D,/@kurzgesagt,Kurzgesagt ‚Äì In a Nutshell,Can YOU Fix Climate Change?,13M,2 years,"Never before in human history have we been richer, more advanced or powerful. And yet we feel overwhelmed in the face of rapid¬†...",2024-01-29 19:46:52.128658
/watch?v=uynhvHZUOOo&pp=ygUOY2xpbWF0ZSBjaGFuZ2U%3D,/@TheEconomist,The Economist,See what three degrees of global warming looks like,3.6M,2 years,00:57 - Climate change is already having devastating effects 02:58 - How climate modelling works 04:06 - Nowhere is safe from¬†...,2024-01-29 19:46:52.130082
/watch?v=ScX29WBJI3w&pp=ygUOY2xpbWF0ZSBjaGFuZ2U%3D,/@EPAgov,U.S. Environmental Protection Agency,Climate Change Basics (OLD),829K,8 years,"NOTE: If you need captions, please click the CC button on the player to turn them on. This video provides an introduction to the¬†...",2024-01-29 19:46:52.131763
/watch?v=DqJpQ_UUmWM&pp=ygUOY2xpbWF0ZSBjaGFuZ2U%3D,/@ClimateAdam,ClimateAdam,Will 2024 be the Hottest Year Ever Recorded?,20K,2 weeks,"2023 shattered global temperature records, as climate change coupled with El Ni√±o raised temperatures to sweltering levels.",2024-01-29 19:46:52.133097
/watch?v=dpvd9FensT8&pp=ygUOY2xpbWF0ZSBjaGFuZ2U%3D,/@astrumspace,Astrum,This Will Be My Most Disliked Video On YouTube | Climate Change,2.9M,4 months,Become a Patron today and support my channel! Donate link above. I can't do it without you. Thanks to those who have supported¬†...,2024-01-29 19:46:52.134382
/watch?v=G9t__9Tmwv4&pp=ygUOY2xpbWF0ZSBjaGFuZ2U%3D,/@Scienceabc,Science ABC,Climate Change and Global Warming: Explained in Simple Words for Beginners,166K,1 year,The term climate change is used to denote the long-term changes in the weather patterns in a given region. Another term often¬†...,2024-01-29 19:46:52.136413
/watch?v=MBKZWKeKYqE&pp=ygUOY2xpbWF0ZSBjaGFuZ2U%3D,/@pbsterra,PBS Terra,What Will Earth Look Like When These 6 Tipping Points Hit?,1.4M,1 year,"A ‚Äútipping point‚Äù is when a system, with just a small amount of additional energy, is pushed from one stable state to another¬†...",2024-01-29 19:46:52.137748
/watch?v=ztWHqUFJRTs&pp=ygUOY2xpbWF0ZSBjaGFuZ2U%3D,/@TEDEd,TED-Ed,Climate change: Earth's giant game of Tetris - Joss Fong,1.1M,9 years,"There's a game of Tetris happening on a global scale: The playing space is planet Earth, and all those pesky, stacking blocks¬†...",2024-01-29 19:47:02.545675
/watch?v=eHMLszamZ9w&pp=ygUOY2xpbWF0ZSBjaGFuZ2U%3D,/@SiemensKnowledgeHub,Siemens Knowledge Hub,What is climate change?,282K,6 years,1. Episode: What is climate change and is it real? Climate Change is the bad news story that isn't going away From heatwaves to¬†...,2024-01-29 19:47:02.547779
/watch?v=DjUr2HwdHwg&pp=ygUOY2xpbWF0ZSBjaGFuZ2U%3D,/@OurChangingClimate,Our Changing Climate,Why We Need Socialism,221K,2 weeks,"In this Our Changing Climate climate change video essay, I look a how and why socialism, specifically ecosocialism, is crucial to¬†...",2024-01-29 19:47:02.549785
/watch?v=myZAvqqp9Jc&pp=ygUOY2xpbWF0ZSBjaGFuZ2U%3D,/@ClimateScience,ClimateScience - Solve Climate Change,Climate Change: How does it really work? | ClimateScience #1,111K,3 years,"You've seen it in the news, heard it on the radio, maybe you even heard about it on TikTok but are you sure you truly know what¬†...",2024-01-29 19:47:02.551550
/shorts/QUCT90DyBh0,/@besmart,Be Smart,Climate Change explained in less than 1 minute!,323K,1 year,"Another YouTube #shorts from your favorite science dad, Dr. Joe Sources: https://ourworldindata.org/atmospheric-concentrations¬†...",2024-01-29 19:47:02.552931
/watch?v=9PFhrpyWV-w&pp=ygUOY2xpbWF0ZSBjaGFuZ2U%3D,/@crashcourse,CrashCourse,What is Climate Change?: Crash Course Climate & Energy #1,156K,1 year,"We know that temperatures on Earth have fluctuated dramatically in the past, but we also know that by burning fossil fuels we are¬†...",2024-01-29 19:47:02.554928
/watch?v=SLEenW2UiUw&pp=ygUOY2xpbWF0ZSBjaGFuZ2U%3D,/@BBCWorldService,BBC World Service,"What is climate change? - The Climate Question, BBC World Service",193K,2 months,Looking for a climate change 101? Here to help you brush up on the basics is Jordan Dunbar. Click here to subscribe to our¬†...,2024-01-29 19:47:02.556858
/shorts/ysNv46MjCR8,/@Channel4News,Channel 4 News,Final warning on climate change,56K,10 months,UN scientists have given what they say is a final warning for how to save the planet from disastrous climate change. (Subscribe:¬†...,2024-01-29 19:47:02.558297
/watch?v=Tx0am8PdoOs&pp=ygUOY2xpbWF0ZSBjaGFuZ2U%3D,/@GeologyUpSkill,GeologyUpSkill,Geologists See Climate Change Differently,306K,3 weeks,This place explains why geologists see the climate change from a different perspective.,2024-01-29 19:47:02.559528
/shorts/5ktYj9xKbDI,/@Hopscotchsongs,Hopscotch,"Climate Change Song, Sing-along with us",229K,10 months,"A song to help kids learn about climate change and how to care for our earth. ""Let's switch to renewable power, unplug and take¬†...",2024-01-29 19:47:02.560869
/watch?v=8eJ-TFIlLK0&pp=ygUOY2xpbWF0ZSBjaGFuZ2U%3D,/@ClimateAdam,ClimateAdam,Could Climate Change cause an Ocean Tipping Point... Soon..?,35K,5 months,The huge ocean current known as the Atlantic Meridional Overturning Circulation (AMOC - not the Gulf Stream!) shifts vast amount¬†...,2024-01-29 19:47:02.566604
/watch?v=l_Oe6YK0DgE&pp=ygUOY2xpbWF0ZSBjaGFuZ2U%3D,/@pbsterra,PBS Terra,What is the RISKIEST Region in the US as the Climate Changes?,2.7M,1 year,"Climate Change is increasing the frequency and severity of natural disasters all around the world. And in the United States, more¬†...",2024-01-29 19:47:02.567921
/watch?v=WkvPdUtYhX8&pp=ygUOY2xpbWF0ZSBjaGFuZ2U%3D,/@LearnBright,Learn Bright,Climate Change for Kids | A fun engaging introduction to climate change for kids,433K,2 years,Hey Teachers and Parents! In this video we explore climate change for kids. We learn all about the causes of climate change like¬†...,2024-01-29 19:47:02.569933
/watch?v=zy7vUppYPC8&pp=ygUOY2xpbWF0ZSBjaGFuZ2U%3D,/@DWDocumentary,DW Documentary,Will renewables stop the climate crisis? | DW Documentary,198K,1 month,"Mankind is facing the greatest upheaval since industrialization. To stop climate change, the energy system must be transformed¬†...",2024-01-29 19:47:02.572015
/watch?v=EbjKcHPmxKQ&pp=ygUOY2xpbWF0ZSBjaGFuZ2U%3D,/@Vox,Vox,What people get wrong about climate change,930K,8 years,"When discussing climate change, it's not about saving the planet. Subscribe to our channel! http://goo.gl/0bsAjO One of the¬†...",2024-01-29 19:47:02.573446
/shorts/iRlnSMcCKSY,/@LXNews,LX News,Climate Change Protestors Glue Their Hands to the Road,266K,9 months,That's one way to stick to your plan! #protest #climatechange #shorts Subscribe:¬†...,2024-01-29 19:47:02.574771
/watch?v=ldLBoErAhz4&pp=ygUOY2xpbWF0ZSBjaGFuZ2U%3D,/@eons,PBS Eons,The Last Time the Globe Warmed,8.6M,6 years,"Imagine an enormous, lush rainforest teeming with life...in the Arctic. Well, there was a time -- and not too long ago -- when the¬†...",2024-01-29 19:47:02.576189
/watch?v=t7IpV3PjACY&pp=ygUOY2xpbWF0ZSBjaGFuZ2U%3D,/@CBSNews,CBS News,Arctic melting foreshadows America's climate future,25K,1 month,What scientists are learning there can help Americans understand how climate change is affecting our country too. CBS News¬†...,2024-01-29 19:47:02.577653
/watch?v=-Vm_gabtIA8&pp=ygUOY2xpbWF0ZSBjaGFuZ2U%3D,/@CNBC,CNBC,Which U.S. Cities Are Safest From Climate Change?,784K,1 year,Climate havens or climate destinations are cities that are situated in places that avoid the worst effects of natural disasters and¬†...,2024-01-29 19:47:02.579704
/watch?v=vFDnknU0h0s&pp=ygUOY2xpbWF0ZSBjaGFuZ2U%3D,/@pbsterra,PBS Terra,"Have We Made ANY Progress on Climate Change? Here's The Data, You Decide",290K,1 year,RCP 8.5 has often been referred to as ‚Äúbusiness as usual.‚Äù It describes a world without action on climate policy and continued¬†...,2024-01-29 19:47:02.581029
/shorts/GyXUnbkBG-4,/@YahooFinance,Yahoo Finance,Biden on climate change: Our bad üá∫üá∏ #shorts,41K,7 months,President Biden addressed climate change and referred to China's international investments under the Belt and Road Initiative¬†...,2024-01-29 19:47:14.816065
/watch?v=PvvmGkBI2bU&pp=ygUOY2xpbWF0ZSBjaGFuZ2U%3D,/@ForbesBreakingNews,Forbes Breaking News,Sheldon Whitehouse: Climate Change Is Causing 'Dramatic Changes' In The Oceans,1K,4 days,"At a Senate Budget Committee hearing on Wednesday, Sen. Sheldon Whitehouse (D-RI) spoke about how climate change is¬†...",2024-01-29 19:47:14.817563
/watch?v=6Ua6IUZKN58&pp=ygUOY2xpbWF0ZSBjaGFuZ2U%3D,/@TEDx,TEDx Talks,The Paradox of Climate Change | Marshall Brain | TEDxNCState,5.4K,2 months,Marshall Brain explains how humanity faces a gigantic threat from the many effects that climate change is having on the planet.,2024-01-29 19:47:14.819025
/shorts/pLVdV9jWfSo,/@SimonClark,Simon Clark,Is there actually any evidence for climate change? #science,3.6M,5 months,... atmospheric Oceanic cryological biological chemical and migratory evidence is there really any evidence for climate change.,2024-01-29 19:47:14.820445
/watch?v=N6t6QHQtdVw&pp=ygUOY2xpbWF0ZSBjaGFuZ2U%3D,/@Peekaboo_Kidz,Peekaboo Kidz,Climate Change 101 | Keep The Environment Safe | The Dr Binocs Show | Peekaboo Kidz,1.1M,1 year,Climate | How To Keep The Environment Safe? | Global Warming | Climate Change | What Causes Global Warming?,2024-01-29 19:47:14.822256
/shorts/Ekw3nBuqbf0,/@NasDaily,Nas Daily,How I Touched Climate Change #486,2.7M,8 months,"I saw icebergs breaking and melting - with my own eyes! When you see it, you can finally believe it. This is it for Greenland. I hope¬†...",2024-01-29 19:47:14.823712
/watch?v=zG53kU3gIa4&pp=ygUOY2xpbWF0ZSBjaGFuZ2U%3D,/@GlobalLandscapesForum,Global Landscapes Forum - GLF,Top 10 Climate Change Myths BUSTED,52K,1 year,"Is climate change real ‚Äì and are humans causing it? Myths about climate change are more pervasive than ever, which is why¬†...",2024-01-29 19:47:14.825711
/watch?v=GWOu4nuxhw8&pp=ygUOY2xpbWF0ZSBjaGFuZ2U%3D,/@CBSNews,CBS News,The impact of climate change on severe weather,16K,1 month,"In this episode of ‚ÄúProtecting the Planet,‚Äù CBS News senior environmental correspondent Ben Tracy explores the connection¬†...",2024-01-29 19:47:14.827606
/watch?v=FM84zkqY8ZA&pp=ygUOY2xpbWF0ZSBjaGFuZ2U%3D,/@dwnews,DW News,Keeping the peace as climate change fuels conflict in Africa | DW News,11K,1 day,The Sahel is one of the world's most vulnerable areas to climate change. Intense drought and flooding are common in the region¬†...,2024-01-29 19:47:14.828967
/watch?v=oJAbATJCugs&pp=ygUOY2xpbWF0ZSBjaGFuZ2U%3D,/@NatGeo,National Geographic,Global Warming 101 | National Geographic,5.3M,16 years,#NationalGeographic #GlobalWarming #Educational About National Geographic's 101 Series: Explore and experience the forces¬†...,2024-01-29 19:47:14.830258
/watch?v=vjZnUl3OkCI&pp=ygUOY2xpbWF0ZSBjaGFuZ2U%3D,/@EnglishSpeakingSuccess,English Speaking Success,How to talk about CLIMATE CHANGE in English,635K,2 years,_____ How do you talk about Climate Change in English and with confidence? ‚Ä¶let's find out. I am going to take you on a rather¬†...,2024-01-29 19:47:14.832092
/watch?v=lThF3JOaYV8&pp=ygUOY2xpbWF0ZSBjaGFuZ2U%3D,/@Reuters,Reuters,Climate change drives Amazon's drought: study | REUTERS,931,4 days,"Climate change is the main culprit for a record drought in the Amazon rainforest that has drained rivers, killed endangered¬†...",2024-01-29 19:47:14.833457
/shorts/Re5jtsyhDFA,/@msnbc,MSNBC,Bill Nye on how to address climate change,232K,5 months,"Bill Nye invokes the film ""Oppenheimer"" when explaining how we should address climate change. ¬ª Subscribe to MSNBC:¬†...",2024-01-29 19:47:14.835327
/watch?v=EuwMB1Dal-4&pp=ygUOY2xpbWF0ZSBjaGFuZ2U%3D,/@ClickView,ClickView,What is Climate Change? Explore the Causes of Climate Change,400K,2 years,This video defines climate change and explains the greenhouse effect and the role of greenhouse gases in our atmosphere.,2024-01-29 19:47:14.837171
/shorts/VKA_hDzdBSY,/@CBCTheNational,CBC News: The National,Climate change is changing Canadian winters,16K,2 years,"New climate data out this week shows that 2021 was a hot year ‚Äî the sixth hottest on record, according to NASA. Probably not¬†...",2024-01-29 19:47:14.838594
/watch?v=dXw9_m8fN-s&pp=ygUOY2xpbWF0ZSBjaGFuZ2U%3D,/channel/UC11YzVs4e4h9kIt4VzUS6yQ,Oli Frost,The Dragon of Climate Change (Music Video),48K,1 year,Lyrics: There once was a terrible dragon Whose name was climate change He slept atop a mountain As he'd done for an age 'Til¬†...,2024-01-29 19:47:14.839936
/watch?v=Lq0iua0r0KQ&pp=ygUOY2xpbWF0ZSBjaGFuZ2U%3D,/@OxfordUnion,OxfordUnion,Climate Change Debate | Kriti Joshi | Opposition,4.8M,7 years,The Motion: This House Believes The West Has No Right to Impose Environmental Standards on Developing Countries Kriti Joshi¬†...,2024-01-29 19:47:14.841301
/watch?v=Wpy4xBftFuY&pp=ygUOY2xpbWF0ZSBjaGFuZ2U%3D,/@BBCNews,BBC News,Arnold Schwarzenegger calls leaders 'liars' over climate change - BBC News,988K,2 years,"Actor and former governor of California, Arnold Schwarzenegger, has become a champion of clean air and renewable energy,¬†...",2024-01-29 19:47:14.842776
/watch?v=bJfrKNR3K2k&pp=ygUOY2xpbWF0ZSBjaGFuZ2U%3D,/@ForbesBreakingNews,Forbes Breaking News,'What Percent Of Our Atmosphere Is CO2?': Doug LaMalfa Stumps Entire Panel With Climate Questions,2.4M,9 months,Rep. Doug LaMalfa (R-CA) questioned witnesses at a House Transportation Committee about the Infrastructure Investment and¬†...,2024-01-29 19:47:14.844361
/watch?v=tqcDyHdbYd4&pp=ygUOY2xpbWF0ZSBjaGFuZ2U%3D,/@telegraph,The Telegraph,Greta Thunberg‚Äôs climate crusade is heading for defeat | Michael Shellenberger interview,475K,2 months,"Michael Shellenberger is an environmentalist, author, and advocate for pragmatic solutions to climate change. He joins Steven¬†...",2024-01-29 19:47:14.845809
/watch?v=oJAbATJCugs&pp=ygUOZ2xvYmFsIHdhcm1pbmc%3D,/@NatGeo,National Geographic,Global Warming 101 | National Geographic,5.3M,16 years,#NationalGeographic #GlobalWarming #Educational About National Geographic's 101 Series: Explore and experience the forces¬†...,2024-01-29 19:47:31.193771
/watch?v=wkqDJwTIg_E&pp=ygUOZ2xvYmFsIHdhcm1pbmc%3D,/@pbsterra,PBS Terra,"Earth's Temperature Has Changed WILDLY, So What's the Big Deal About a Few Degrees?",140K,1 month,"If you take a look at global temperature graphs that span millions or billions of years, you can see that our planet's temperature¬†...",2024-01-29 19:47:31.196902
/watch?v=n5DXniZGkME&pp=ygUOZ2xvYmFsIHdhcm1pbmc%3D,/@ABCNewsIndepth,ABC News In-depth,"There are 8 billion people on Earth, but soon we‚Äôll hit a decline we might never reverse | ABC News",997K,1 year,"ABC News In-depth takes you deeper on the big stories, with long-form journalism from Four Corners, Foreign Correspondent,¬†...",2024-01-29 19:47:31.199705
/watch?v=QAAbcNl4Lb8&pp=ygUOZ2xvYmFsIHdhcm1pbmc%3D,/@frontline,FRONTLINE PBS | Official,The Power of Big Oil Part One: Denial (full documentary) | FRONTLINE,2.5M,1 year,Go inside the decades-long failure to confront the threat and increasing impacts of climate change in ‚ÄúThe Power of Big Oil.,2024-01-29 19:47:31.202603
/watch?v=N6t6QHQtdVw&pp=ygUOZ2xvYmFsIHdhcm1pbmc%3D,/@Peekaboo_Kidz,Peekaboo Kidz,Climate Change 101 | Keep The Environment Safe | The Dr Binocs Show | Peekaboo Kidz,1.1M,1 year,Climate | How To Keep The Environment Safe? | Global Warming | Climate Change | What Causes Global Warming?,2024-01-29 19:47:31.206321
/watch?v=LwRTw_7NNJs&pp=ygUOZ2xvYmFsIHdhcm1pbmc%3D,/@nasaclimatechange,NASA Climate Change,Global Warming from 1880 to 2022,131K,1 year,"Earth's average surface temperature in 2022 tied with 2015 as the fifth warmest on record, according to an analysis by NASA.",2024-01-29 19:47:31.208742
/watch?v=uynhvHZUOOo&pp=ygUOZ2xvYmFsIHdhcm1pbmc%3D,/@TheEconomist,The Economist,See what three degrees of global warming looks like,3.6M,2 years,"If global temperatures rise three degrees Celsius above pre-industrial levels, the results would be catastrophic. It's an entirely¬†...",2024-01-29 19:47:31.212444
/watch?v=IhtysFlWz3k&pp=ygUOZ2xvYmFsIHdhcm1pbmc%3D,/@globalnews,Global News,Earth breaches critical warming threshold,22K,2 months,"There is a new, troubling indicator about global warming from the Copernicus Climate Change Service (C3S). The service says¬†...",2024-01-29 19:47:31.215088
/watch?v=pEt6-jA2UE4&pp=ygUOZ2xvYmFsIHdhcm1pbmc%3D,/@DWDocumentary,DW Documentary,Climate change - Averting catastrophe | DW Documentary,2.1M,6 months,"In the last 30 years, CO2 emissions have increased by 60 percent worldwide. The most pressing problem facing our civilization is¬†...",2024-01-29 19:47:31.217735
/watch?v=J1KGnCj_cfM&pp=ygUOZ2xvYmFsIHdhcm1pbmc%3D,/@SabineHossenfelder,Sabine Hossenfelder,How do we know climate change is caused by humans?,231K,4 days,In this video I summarize the main pieces of evidence that we have which show that climate change is caused by humans. This is¬†...,2024-01-29 19:47:31.220499
/watch?v=G9t__9Tmwv4&pp=ygUOZ2xvYmFsIHdhcm1pbmc%3D,/@Scienceabc,Science ABC,Climate Change and Global Warming: Explained in Simple Words for Beginners,166K,1 year,The term climate change is used to denote the long-term changes in the weather patterns in a given region. Another term often¬†...,2024-01-29 19:47:31.224315
/watch?v=9xCaalQeAbY&pp=ygUOZ2xvYmFsIHdhcm1pbmc%3D,/@SimonClark,Simon Clark,Global Warming: The Century We Saved Earth,61K,1 month,"In this documentary I present a fictional, optimistic account of the 21st century, told retrospectively from the year 2100. This isn't¬†...",2024-01-29 19:47:31.226869
/watch?v=LxgMdjyw8uw&pp=ygUOZ2xvYmFsIHdhcm1pbmc%3D,/@kurzgesagt,Kurzgesagt ‚Äì In a Nutshell,We WILL Fix Climate Change!,10M,1 year,Our home is burning. Rapid climate change is destabilizing our world. It seems our emissions will not fall quickly enough to avoid¬†...,2024-01-29 19:47:31.229539
/watch?v=ldLBoErAhz4&pp=ygUOZ2xvYmFsIHdhcm1pbmc%3D,/@eons,PBS Eons,The Last Time the Globe Warmed,8.6M,6 years,... http://all-geo.org/highlyallochthonous/2010/01/coal-and-the-fossil-record-of-climate-change-in-the-canadian-high-arctic/¬†...,2024-01-29 19:47:31.232311
/watch?v=sDS1sFg6lNw&pp=ygUOZ2xvYmFsIHdhcm1pbmc%3D,/@NDTV,NDTV,"Climate Change and Global Warming, EXPLAINED | The Climate Explainers",77K,7 months,"In this episode of The Climate Explainers, Anubha Bhonsle explains the difference between climate change & global warming,¬†...",2024-01-29 19:47:31.234953
/watch?v=eAh9awb5968&pp=ygUOZ2xvYmFsIHdhcm1pbmc%3D,/@ABCNews,ABC News,A collaboration of scientists is sounding the alarm on climate change,90K,4 months,The World Weather Attribution just released a report saying human-caused climate change played a big role in the catastrophic¬†...,2024-01-29 19:47:31.240407
/watch?v=QlQ-MEZgRGY&pp=ygUOZ2xvYmFsIHdhcm1pbmc%3D,/@environmentcan,Environment and Climate Change Canada,What is Climate Change?,322K,2 years,Everyone's talking about climate change but what is our climate? And why is it changing? Our climate has been changing much¬†...,2024-01-29 19:47:31.244326
/watch?v=w-rEQLJEyTs&pp=ygUOZ2xvYmFsIHdhcm1pbmc%3D,/@SimonClark,Simon Clark,2023: A Year In Climate Change,59K,1 month,REFERENCES www.simonoxfphys.com/blog/2023/12/22/references-for-my-2023-review-of-climate-change-news ---------- II¬†...,2024-01-29 19:47:31.247312
/watch?v=tMwFNMfjFuU&pp=ygUOZ2xvYmFsIHdhcm1pbmc%3D,/@crashcourse,CrashCourse,What is Climate Change? Crash Course Geography #14,284K,2 years,Today we're going to talk about climate change which is when there is a change in the average weather patterns in a region over¬†...,2024-01-29 19:47:31.251302
/shorts/w_jWUZP6ssc,/@dylanjardon,Dylan Jardon,How to Solve Global Warming (EASY),1.1M,6 months,Here's the easy way to solve global warming... Follow: ‚ô™ https://www.tiktok.com/@smartnonsense¬†...,2024-01-29 19:47:39.393531
/watch?v=8DiWzvE52ZY&pp=ygUOZ2xvYmFsIHdhcm1pbmc%3D,/channel/UC34wpCgr3l9cG0RtFdTTS-Q,Gojira,Gojira - Global Warming [Live at the Silver Cord Studio May 2018],8.4M,5 years,"A few weeks ago, we played Global Warming together for the first time since the recording of From Mars To Sirius (2004).",2024-01-29 19:47:39.395023
/watch?v=MBKZWKeKYqE&pp=ygUOZ2xvYmFsIHdhcm1pbmc%3D,/@pbsterra,PBS Terra,What Will Earth Look Like When These 6 Tipping Points Hit?,1.4M,1 year,... points that scientists have grown increasingly worried we are getting close to crossing due to global warming. In this episode of¬†...,2024-01-29 19:47:39.396392
/watch?v=Wq15eF5vCbI&pp=ygUOZ2xvYmFsIHdhcm1pbmc%3D,/@SkyNews,Sky News,Track the impact of global warming on the world,1.6M,1 year,This data livestream shows in real time what is causing our environment to change. From the amount of carbon dioxide in our¬†...,2024-01-29 19:47:39.397713
/watch?v=oqu5DjzOBF8&pp=ygUOZ2xvYmFsIHdhcm1pbmc%3D,/@SabineHossenfelder,Sabine Hossenfelder,I Misunderstood the Greenhouse Effect. Here's How It Works.,780K,11 months,Correction to what I say at 7 mins 13: The major reason air pressure decreases is that the gravitational pressure from the air above¬†...,2024-01-29 19:47:39.399103
/watch?v=ah26x7nWmG8&pp=ygUOZ2xvYmFsIHdhcm1pbmc%3D,/@SkyNews,Sky News,Global warming to hit 1.5C heat threshold by 2027,25K,8 months,"The global temperature is set to exceed 1.5C above pre-industrial levels for the first time in the next five years, the World¬†...",2024-01-29 19:47:39.400453
/watch?v=qySBQjSXbfw&pp=ygUOZ2xvYmFsIHdhcm1pbmc%3D,/@DWDocumentary,DW Documentary,Wind and climate change | DW Documentary,1.7M,1 year,"Shifting wind patterns are making extreme weather events more likely. This is because the wind, which distributes areas of high¬†...",2024-01-29 19:47:39.401759
/watch?v=cn9PhiDJp-A&pp=ygUOZ2xvYmFsIHdhcm1pbmc%3D,/@Hopscotchsongs,Hopscotch,Climate Change Song,4.8M,2 years,"Song by Matt & Joanna Pace, in partnership with Octopus Electric Vehicles Video animated by Dakota Sheperd and Jason McNeil¬†...",2024-01-29 19:47:39.402969
/watch?v=E6bVBH9y5O8&pp=ygUOZ2xvYmFsIHdhcm1pbmc%3D,/@besmart,Be Smart,The Biggest Myth About Climate Change,813K,1 year,You've seen it in the comment section before: ‚ÄúClimate change is natural. It's happened before and it will keep happening‚Äù.,2024-01-29 19:47:39.404901
/watch?v=jBQS00kgG8g&pp=ygUOZ2xvYmFsIHdhcm1pbmc%3D,/@rausias1953,Rau's IAS Study Circle (Since 1953),Global Warming & Climate Change | Explained | Gaurav Tripathi | Rau's IAS,3.4K,2 weeks,"From greenhouse gases to melting glaciers, this video unpacks everything you need to know about global warming and climate¬†...",2024-01-29 19:47:39.406260
/watch?v=dpvd9FensT8&pp=ygUOZ2xvYmFsIHdhcm1pbmc%3D,/@astrumspace,Astrum,This Will Be My Most Disliked Video On YouTube | Climate Change,2.9M,4 months,Become a Patron today and support my channel! Donate link above. I can't do it without you. Thanks to those who have supported¬†...,2024-01-29 19:47:39.407802
/watch?v=PqxMzKLYrZ4&pp=ygUOZ2xvYmFsIHdhcm1pbmc%3D,/@AumSum,It's AumSum Time,Global Warming | #aumsum #kids #science #education #children,7.4M,8 years,Global Warming. The thicker layer of greenhouse gases traps more heat. This result in an increase in average temperature of the¬†...,2024-01-29 19:47:39.409302
/watch?v=SN5-DnOHQmE&pp=ygUOZ2xvYmFsIHdhcm1pbmc%3D,/@NASASpacePlace,NASA Space Place,What Is the Greenhouse Effect?,2M,3 years,Earth is a comfortable place for living things. It's just the right temperatures for plants and animals ‚Äì including humans ‚Äì to thrive.,2024-01-29 19:47:39.410570
/watch?v=zs04g3MEicc&pp=ygUOZ2xvYmFsIHdhcm1pbmc%3D,/@CBSMornings,CBS Mornings,"New U.S. climate report gives dire warnings about warming temperatures, rising sea levels",64K,2 months,A new climate report warns of more frequent and costly impacts of climate change in the U.S. Rises in temperature and sea level¬†...,2024-01-29 19:47:39.411998
/watch?v=7hu6vDP2a4Q&pp=ygUOZ2xvYmFsIHdhcm1pbmc%3D,/@Freesciencelessons,Freesciencelessons,"GCSE Biology Revision ""Global Warming""",149K,5 years,"In this video, we look at what is meant by global warming and the effects of global warming on animals and plants. We also¬†...",2024-01-29 19:47:39.414451
/watch?v=qoNRZKgLDhg&pp=ygUOZ2xvYmFsIHdhcm1pbmc%3D,/@bbclearningenglish,BBC Learning English,Climate change: Are there too many people? - 6 Minute English,507K,1 year,What do you think is the biggest cause of climate change? Improve your English vocabulary and listening as we discuss the¬†...,2024-01-29 19:47:39.415915
/watch?v=n9Ej5E47TNI&pp=ygUOZ2xvYmFsIHdhcm1pbmc%3D,/@CNRS,CNRS,Europe‚Äôs climate in 2050,991K,2 years,"2021 https://doi.org/10.1029/2019JD032344 (paid access) - ""Understanding climate change from a global analysis of city¬†...",2024-01-29 19:47:39.417454
/watch?v=SBjtO-0tbKU&pp=ygUOZ2xvYmFsIHdhcm1pbmc%3D,/@TEDx,TEDx Talks,The reality of climate change | David Puttnam | TEDxDublin,671K,9 years,"This talk was given at a local TEDx event, produced independently of the TED Conferences. David Puttnam looks at Climate¬†...",2024-01-29 19:47:39.419409
/watch?v=DkZ7BJQupVA&pp=ygUOZ2xvYmFsIHdhcm1pbmc%3D,/@Vox,Vox,Why humans are so bad at thinking about climate change,2.4M,6 years,"The biggest problem for the climate change fight isn't technology ‚Äì it's human psychology. This is the first episode of Climate Lab,¬†...",2024-01-29 19:47:39.421416
/watch?v=OWXoRSIxyIU&pp=ygUOZ2xvYmFsIHdhcm1pbmc%3D,/@veritasium,Veritasium,13 Misconceptions About Global Warming,5.8M,9 years,"CO2 emitted by volcanoes vs by humans: Gerlach, 2011 www.agu.org/pubs/pdf/2011eo240001.pdf Gerlach Mauna Loa CO2¬†...",2024-01-29 19:47:47.913018
/watch?v=wCIeAqusDuk&pp=ygUOZ2xvYmFsIHdhcm1pbmc%3D,/@science-channel,Science,2 Degrees Till The End | Global Warming Documentary,626K,2 years,Global warming is sure to cause many cataclysms. Poisonous methane is overcoming the atmosphere. The new Flood is coming.,2024-01-29 19:47:47.914490
/watch?v=kHGt9l6U5fM&pp=ygUOZ2xvYmFsIHdhcm1pbmc%3D,/@pbsterra,PBS Terra,Why Is The U.S. Warming Faster Than Average?,330K,9 months,... Climate site: https://to.pbs.org/3AaS3zy We've all heard that we should keep global climate change under 2 degrees of warming¬†...,2024-01-29 19:47:47.915812
/watch?v=EtW2rrLHs08&pp=ygUOZ2xvYmFsIHdhcm1pbmc%3D,/@NatGeo,National Geographic,Climate Change 101 with Bill Nye | National Geographic,2.8M,8 years,About National Geographic's 101 Series: Explore and experience the forces that shape the world around us. Get More National¬†...,2024-01-29 19:47:47.917712
/watch?v=S0oGaoqSAl0&pp=ygUOZ2xvYmFsIHdhcm1pbmc%3D,/@DWDocumentary,DW Documentary,Floating cities as an innovative response to climate change | DW Documentary,913K,7 months,Sea levels are rising due to climate change. Many coastal cities are at growing risk of flooding. Architects are trying to react to this¬†...,2024-01-29 19:47:47.919089
/watch?v=haBG2IIbwbA&pp=ygUOZ2xvYmFsIHdhcm1pbmc%3D,/@nasaclimatechange,NASA Climate Change,Global Warming from 1880 to 2021,170K,2 years,"Earth's global average surface temperature in 2021 tied with 2018 as the sixth warmest year on record, according to an analysis¬†...",2024-01-29 19:47:47.920353
/watch?v=Yurzj5gSg98&pp=ygUOZ2xvYmFsIHdhcm1pbmc%3D,/channel/UCZ2nKwA5u9zhtF9LfCjXJ9g,Sasha Alex Sloan,Sasha Alex Sloan - Global Warming (Lyric Video),157K,1 year,#sashaalexsloan #GlobalWarming #iblametheworld.,2024-01-29 19:47:47.921730
/watch?v=Y3gqoDUtmt4&pp=ygUOZ2xvYmFsIHdhcm1pbmc%3D,/@Peekaboo_Kidz,Peekaboo Kidz,Global Warming - The End Game | The Dr. Binocs Show | Best Learning Videos For Kids | Peekaboo Kidz,3.6M,4 years,What Is Global Warming? | The Dr. Binocs Show | Best Learning Videos For Kids | Peekaboo Kidz Hi KIDZ! Welcome to a BRAND¬†...,2024-01-29 19:47:47.923792
/watch?v=rj_ePUOWduI&pp=ygUOZ2xvYmFsIHdhcm1pbmc%3D,/@twosetviolin,TwoSetViolin,Vivaldi Winter but There's Global Warming,353K,1 year,Practice Apparel!: https://www.twosetapparel.com Follow TwoSet Apparel: https://www.instagram.com/twosetapparel/ Submit your¬†...,2024-01-29 19:47:47.925110
/watch?v=dcBXmj1nMTQ&pp=ygUOZ2xvYmFsIHdhcm1pbmc%3D,/@aljazeeraenglish,Al Jazeera English,What is Climate Change? | Start Here,1.4M,4 years,"The hard facts about global warming - a defining issue of our time. Climate change is happening now, and even world leaders¬†...",2024-01-29 19:47:47.927840
/watch?v=l_Oe6YK0DgE&pp=ygUOZ2xvYmFsIHdhcm1pbmc%3D,/@pbsterra,PBS Terra,What is the RISKIEST Region in the US as the Climate Changes?,2.7M,1 year,"Climate Change is increasing the frequency and severity of natural disasters all around the world. And in the United States, more¬†...",2024-01-29 19:47:47.929184
/watch?v=GGtAilkWTtI&pp=ygUOZ2xvYmFsIHdhcm1pbmc%3D,/@SimonClark,Simon Clark,Global Warming: An Inconvenient History,949K,1 year,"The climate crisis is caused by a build up of carbon dioxide in the Earth's atmosphere, which traps energy and raises the planet's¬†...",2024-01-29 19:47:47.931076
/watch?v=_LwH6O4jaXY&pp=ygUOZ2xvYmFsIHdhcm1pbmc%3D,/@byjusclasses,BYJU'S,What Is Global Warming? | Class 7 - Geography | Learn With BYJU'S,476K,2 years,Climate change and global warming are taking a toll on Earth and its inhabitants. We know that humans are responsible for this.,2024-01-29 19:47:47.932451
/shorts/PAgk2qgGZ8E,/@OfficialRoryScovel,Official Rory Scovel,Global Warming,13K,10 months,Clip from Rory Scovel Tries Stand-Up for the First Time (2017) #standup #standupcomedy #comedy.,2024-01-29 19:47:47.933988
/watch?v=WkvPdUtYhX8&pp=ygUOZ2xvYmFsIHdhcm1pbmc%3D,/@LearnBright,Learn Bright,Climate Change for Kids | A fun engaging introduction to climate change for kids,433K,2 years,Hey Teachers and Parents! In this video we explore climate change for kids. We learn all about the causes of climate change like¬†...,2024-01-29 19:47:47.935770
/shorts/IZPt4WHwHCI,/@Amritadrawingbook,Amrita Drawing Book ,Global Warming Drawing Easy #amritadrawingbook #shorts #globalwarming,16K,7 months,Global Warming Drawing Easy #amritadrawingbook #shorts #globalwarming #drawing #howtodraw #easydrawing #poster¬†...,2024-01-29 19:47:47.937188
/watch?v=yiw6_JakZFc&pp=ygUOZ2xvYmFsIHdhcm1pbmc%3D,/@kurzgesagt,Kurzgesagt ‚Äì In a Nutshell,Can YOU Fix Climate Change?,13M,2 years,"Never before in human history have we been richer, more advanced or powerful. And yet we feel overwhelmed in the face of rapid¬†...",2024-01-29 19:47:47.939489
/watch?v=hvGQMZFP9IA&pp=ygUOZ2xvYmFsIHdhcm1pbmc%3D,/@SimonClark,Simon Clark,Global Warming: The Decade We Lost Earth,296K,10 months,"This is a follow-up video to Global Warming: An Inconvenient History, going into much more detail of events from 1979 to 1989.",2024-01-29 19:47:47.940974
/shorts/_64oqGdoTXQ,/@IanBoggs,Ian Boggs,How To Cure to Global Warming,6.4M,1 year,Hey Ian Nation! What do you think is gonna happen next? Subscribe for more! #Shorts‚Äã Subscribe and you'll get a virtual hug¬†...,2024-01-29 19:47:56.881071
/watch?v=1kICRre1cmc&pp=ygUOZ2xvYmFsIHdhcm1pbmc%3D,/@ClimateAdam,ClimateAdam,Climate Scientist reacts to Jordan Peterson,165K,11 months,"But what's the truth behind natural climate change, and why is Peterson's representation of global warming so misleading?",2024-01-29 19:47:56.884717
/watch?v=vpt0iNE0EK4&pp=ygUOZ2xvYmFsIHdhcm1pbmc%3D,/@BestDoc,Best Documentary,Climate Change: What Will Our Lives Look Like in 2050?,525K,9 months,"Climate disasters, health crisis or even food shortages, the future looks bleak for the planet. Find out what our future could look¬†...",2024-01-29 19:47:56.887946
/watch?v=IjzfWPyjdX0&pp=ygUOZ2xvYmFsIHdhcm1pbmc%3D,/@byjusclasses,BYJU'S,Global Warming And Greenhouse Effect,212K,5 years,This video covers the concepts of the greenhouse effect and global warming along with their effects and causes. A basic¬†...,2024-01-29 19:47:56.891293
/shorts/aSnzM3NNWXA,/@pbsterra,PBS Terra,The Link Between Lightning and Global Warming,30K,9 months,A lot of things with our weather are changing as our climate changes. And one of these things is lightning. This episode covers¬†...,2024-01-29 19:47:56.894353
/shorts/5V7JdQvRIEs,/@Sambucha,Sambucha,I found out which countries cause the most GLOBAL WARMING üò≥üåé,5.4M,2 years,Subscribe and you'll have good luck forever :) Check out my other socials! Instagram¬†...,2024-01-29 19:47:56.897469
/watch?v=N3V29nBkhLE&pp=ygUOZ2xvYmFsIHdhcm1pbmc%3D,/@DemocracyNow,Democracy Now!,"U.N. Warns: ""The Era of Global Boiling Has Arrived""",483K,6 months,"July is on pace to be the hottest month ever recorded, and the impact of the soaring temperatures is being felt across the globe in¬†...",2024-01-29 19:47:56.900607
/shorts/NKpsEbf4GRg,/@besmart,Be Smart,This famous climate graph is hiding a secret ü§î,2.1M,6 months,"Another YouTube #shorts from your favorite science dad, Dr. Joe! Join us on Patreon! https://patreon.com/itsokaytobesmart Twitter¬†...",2024-01-29 19:47:56.903685
/watch?v=ICuCtXZc4w8&pp=ygUOZ2xvYmFsIHdhcm1pbmc%3D,/@littleschooltv,Little School,What is Global Warming | Science for Kids,7.9K,9 months,"globalwarming Hey kids! In today's video, we will be learning about global warming. Did you know that global warming can cause¬†...",2024-01-29 19:47:56.906699
/watch?v=KnDb_bznZvE&pp=ygUOZ2xvYmFsIHdhcm1pbmc%3D,/@ClimateEmergencyForum,Climate Emergency Forum,Global Warming in the Pipeline and Earth's Energy Imbalance,13K,1 month,"Join the Climate Emergency Forum along with special guests Dr. James Hansen and Dan Galpern, as the Global Warming in the¬†...",2024-01-29 19:47:56.909587
/watch?v=EuwMB1Dal-4&pp=ygUOZ2xvYmFsIHdhcm1pbmc%3D,/@ClickView,ClickView,What is Climate Change? Explore the Causes of Climate Change,400K,2 years,This video defines climate change and explains the greenhouse effect and the role of greenhouse gases in our atmosphere.,2024-01-29 19:47:56.913276
/watch?v=4Uy9b87cYRs&pp=ygUOZ2xvYmFsIHdhcm1pbmc%3D,/@fuseschool,FuseSchool - Global Education,How Does Global Warming Effect The Environment | Environmental Chemistry | Chemistry | FuseSchool,94K,3 years,How Does Global Warming Effect The Environment? Learn the basics about the effect of global warming on the environment.,2024-01-29 19:47:56.917948
/watch?v=LnFFmdvOaEU&pp=ygUOZ2xvYmFsIHdhcm1pbmc%3D,/@BBCNews,BBC News,Climate change: Broken records leave Earth in 'uncharted territory' - BBC News,186K,6 months,"A series of climate records on temperature, ocean heat, and Antarctic sea ice have alarmed some scientists who have said their¬†...",2024-01-29 19:47:56.922088
/watch?v=VXYhK7uAUN8&pp=ygUOZ2xvYmFsIHdhcm1pbmc%3D,/@PBSNewsHour,PBS NewsHour,"Record-breaking global temperature, raging wildfires highlight effects of climate change",36K,6 months,It has been a week of record-breaking heat around the world. The average global temperature on Wednesday hit 62.9 degrees¬†...,2024-01-29 19:47:56.925436
/shorts/MtZ-c8rl3Gk,/@winnerscience,winnerscience,Method to Reduce Global Warming,7K,1 year,how to contribute in reducing the global warming. First method is start using earthen pot for drinking water. #globalwarming¬†...,2024-01-29 19:47:56.928621
/watch?v=1WCOjiKI8vU&pp=ygUOZ2xvYmFsIHdhcm1pbmc%3D,/@Listenablerecs,LISTENABLE RECORDS,Gojira - Global warming,277K,4 years,Subscribe to Listenable Records channel : http://bit.ly/ListenableYT Follow Listenable Records : Facebook¬†...,2024-01-29 19:47:56.931443
/watch?v=VMAswumemF0&pp=ygUOZ2xvYmFsIHdhcm1pbmc%3D,/@msnbc,MSNBC,"Extreme heat, rain, and drought across the country is climate change ‚Äúin all of its forms.‚Äù",19K,5 months,"Extreme weather continues to impact millions of Americans, from flooding in the aftermath of Tropical Storm Hilary, to wildfires in¬†...",2024-01-29 19:47:56.934442
/watch?v=vqBrL8BokSk&pp=ygUOZ2xvYmFsIHdhcm1pbmc%3D,/@pbsterra,PBS Terra,Too HOT and HUMID to Live: Extreme Wet Bulb Events Are on the Rise,1.1M,8 months,"Take the 2023 PBS Survey: https://to.pbs.org/pbssurvey2023j As climate change continues warming the planet, a new and¬†...",2024-01-29 19:47:56.937428
/watch?v=cjuGCJJUGsg&pp=ygUOZ2xvYmFsIHdhcm1pbmc%3D,/@LastWeekTonight,LastWeekTonight,Climate Change Debate: Last Week Tonight with John Oliver (HBO),8.9M,9 years,"John Oliver hosts a mathematically representative climate change debate, with the help of special guest Bill Nye the Science Guy,¬†...",2024-01-29 19:47:56.940619
/watch?v=vFDnknU0h0s&pp=ygUOZ2xvYmFsIHdhcm1pbmc%3D,/@pbsterra,PBS Terra,"Have We Made ANY Progress on Climate Change? Here's The Data, You Decide",290K,1 year,RCP 8.5 has often been referred to as ‚Äúbusiness as usual.‚Äù It describes a world without action on climate policy and continued¬†...,2024-01-29 19:47:56.943509
/watch?v=aTrWtFR_FrQ&pp=ygUUZW52aXJvbm1lbnRhbCBpc3N1ZXM%3D,/@District10TV,District10TV,Top 10 Major Global Environmental Issues In The World - List Of Global Environmental Problems [2021],224K,2 years,Top 10 Major Global Environmental Issues In The World - List Of Global Environmental Problems [2021] Subscribe Here¬†...,2024-01-29 19:48:12.614460
/watch?v=FMJhKQjO5uk&pp=ygUUZW52aXJvbm1lbnRhbCBpc3N1ZXM%3D,/@BusinessUpside,Business Upside,Top 5 Environmental Problems in the Current World,107K,3 years,Top 5 Environmental Problems in the Current World Environmental problems are rising but what is environmental problem non¬†...,2024-01-29 19:48:12.618559
/watch?v=nPCOlCwZcHg&pp=ygUUZW52aXJvbm1lbnRhbCBpc3N1ZXM%3D,/@BusinessUpside,Business Upside,Top 10 Major Global Environmental Issues In The World,14K,1 year,"Now, in this jungle of bricks and irons, the quest for blue-green is all the more extensive. Overpopulation, global warming, and all¬†...",2024-01-29 19:48:12.622404
/watch?v=Fl2I1Vi-y9U&pp=ygUUZW52aXJvbm1lbnRhbCBpc3N1ZXM%3D,/@DWDocumentary,DW Documentary,Russia's environmental issues | DW Documentary,237K,2 years,"When the air stinks, drinking water is brown, and snow is black ‚Äî something isn't right. People from three different regions of¬†...",2024-01-29 19:48:12.631288
/watch?v=0VHPkv8ZQQI&pp=ygUUZW52aXJvbm1lbnRhbCBpc3N1ZXM%3D,/@TEDx,TEDx Talks,Beyond the Science: Environmental Problems‚Ä¶Cultural Solutions | Paul K. Doss | TEDxEvansville,78K,6 years,Science is the endeavor that allows us to describe our natural world and how it works. Science gives us the power and knowledge¬†...,2024-01-29 19:48:12.634552
/watch?v=oQCUR6J8Fvk&pp=ygUUZW52aXJvbm1lbnRhbCBpc3N1ZXM%3D,/@WION,WION,Five biggest environmental issues in India in 2023 | WION Climate Tracker,26K,8 months,"From air pollution to waste management, here are some of the most pressing environmental issues in India this year. #airpollution¬†...",2024-01-29 19:48:12.642797
/watch?v=ig3IyiKzxFI&pp=ygUUZW52aXJvbm1lbnRhbCBpc3N1ZXM%3D,/@bbclearningenglish,BBC Learning English,How can I get help with an environmental problem? - BBC Learning English,40K,2 years,"Humans have been polluting the world for a long time. So, how can you take action about something like climate change?",2024-01-29 19:48:12.646143
/watch?v=QQYgCxu988s&pp=ygUUZW52aXJvbm1lbnRhbCBpc3N1ZXM%3D,/@RomainPennesComposer,Romain Pennes,One Earth - Environmental Short Film,1.9M,3 years,"This sadly leads to the many environmental issues we face today in 2021, including global pollution, climate change, and the¬†...",2024-01-29 19:48:12.655218
/watch?v=kt89z5n5Ls4&pp=ygUUZW52aXJvbm1lbnRhbCBpc3N1ZXM%3D,/@CBSMornings,CBS Mornings,Environmental challenges plaguing Earth,39K,3 years,"From Antarctica to the U.K., CBSN's ‚ÄúSaturday Stories‚Äù takes you on a journey around the world to highlight some of the urgent¬†...",2024-01-29 19:48:12.659842
/watch?v=S2Zzg7APjOI&pp=ygUUZW52aXJvbm1lbnRhbCBpc3N1ZXM%3D,/@UnacademyNEET,Unacademy NEET,Environmental Issues in One Shot | Fast Track Series for NEET 2023 | Seep Pahuja,231K,Streamed 11 months,Environmental Issues for NEET 2023 will be discussed in this session by Educator Seep Pahuja. if you're looking for an easy way¬†...,2024-01-29 19:48:12.665171
/watch?v=JXxnEhD-25Q&pp=ygUUZW52aXJvbm1lbnRhbCBpc3N1ZXM%3D,/@bbclearningenglish,BBC Learning English,BOX SET: 6 Minute English - 'Environmental English' mega-class! One hour of new vocabulary!,1.5M,3 years,Improve your English vocabulary and speaking with this 'environmental' 6 Minute English compilation from BBC Learning English!,2024-01-29 19:48:12.671692
/watch?v=Dru4tp-AmkE&pp=ygUUZW52aXJvbm1lbnRhbCBpc3N1ZXM%3D,/@PaulPlaza,Paul Plaza,ENVIRONMENTAL PROBLEMS IN THE PHILIPPINES,220K,4 years,WATCH IN HD! for better Quality. Like and Share to generate more environmental awareness and create a concern about our¬†...,2024-01-29 19:48:12.679998
/watch?v=Oa7ntoCf8yU&pp=ygUUZW52aXJvbm1lbnRhbCBpc3N1ZXM%3D,/@EnglishChitChat,English Chit Chat,The Environment . Learn English,726K,6 years,This video describes environmental problems and possible solutions. The causes and effects of global are described with an easy¬†...,2024-01-29 19:48:12.691966
/watch?v=5eTCZ9L834s&pp=ygUUZW52aXJvbm1lbnRhbCBpc3N1ZXM%3D,/@crashcourse,CrashCourse,5 Human Impacts on the Environment: Crash Course Ecology #10,2.3M,11 years,Hank gives the rundown on the top five ways humans are negatively impacting the environment and having detrimental effects on¬†...,2024-01-29 19:48:12.695876
/watch?v=fuDYMQSzVSU&pp=ygUUZW52aXJvbm1lbnRhbCBpc3N1ZXM%3D,/@earth-beat,earthbeat,Environmental Problems and Solutions,24K,1 year,"Hi, welcome back to our channel! Today, we will discuss the Major Global Environmental Issues. Our environment is constantly¬†...",2024-01-29 19:48:12.707250
/watch?v=4GiZJiowSRw&pp=ygUUZW52aXJvbm1lbnRhbCBpc3N1ZXM%3D,/@shikshahouse,Best for NEET,CBSE Class 12 Biology || Environmental Issues || Full Chapter || By Shiksha House,227K,6 years,"Get Play lists in your Mobile https://forms.gle/5giXfKAthyGQdge26 CBSE Class 12 Biology, Environmental Issues, Full Chapter, By¬†...",2024-01-29 19:48:12.710731
/watch?v=BIw7PHHti3w&pp=ygUUZW52aXJvbm1lbnRhbCBpc3N1ZXM%3D,/@EtoosEducation,Etoos Education,"ENVIRONMENTAL ISSUES in 1 shot - All Concepts, Tricks & PYQ's Covered | NEET | ETOOS India",49K,9 months,"If you are a NEET aspirant, this One-shot Crash course on ENVIRONMENTAL ISSUES is a must-watch. This video will cover¬†...",2024-01-29 19:48:12.713281
/watch?v=8F1yFn1tlYQ&pp=ygUUZW52aXJvbm1lbnRhbCBpc3N1ZXM%3D,/@PW-NEETWallah,Competition Wallah,ENVIROMENTAL ISSUES in 80 minutes || Complete Chapter for NEET,104K,11 months,00:00 Introduction to the session 03:20 Pollution 05:12 Air pollution 12:04 Noise pollution 16:05 Water pollution 36:11¬†...,2024-01-29 19:48:12.722090
/watch?v=LekMbfBUL1w&pp=ygUUZW52aXJvbm1lbnRhbCBpc3N1ZXM%3D,/@UANeetToppers,Unacademy NEET Toppers,Environmental Issues - One Shot | NCERT Highlights | Garima Goel,947K,Streamed 2 years,"For Students who wish to get into Graduate and Post Graduate medical Courses such as MBBS, MD, MS and dental courses such¬†...",2024-01-29 19:48:12.726623
/shorts/nWhxmC4Ef7I,/@LKLogic,LKLogic,Can you speak about all these Environmental Issues in English on World Environment Day?,136K,7 months,Tell me guys if you can speak about environmental issues in English number one global warming greenhouse effect pollution¬†...,2024-01-29 19:48:20.550619
/watch?v=X0ZeKjUtDTo&pp=ygUUZW52aXJvbm1lbnRhbCBpc3N1ZXM%3D,/@KVeDUCATION,KV eDUCATION,'Environmental issues' In Just 16 Minutesüî•| Fastest Revision Series | Neet 2022,167K,1 year,"‚Ä¢‚Ä¢About Password -should be minimum of 8 letters -one letter should be capital -one numerical number(1, 2 etc) should be there¬†...",2024-01-29 19:48:20.552765
/watch?v=sldUEYBk8qM&pp=ygUUZW52aXJvbm1lbnRhbCBpc3N1ZXM%3D,/@dwnews,DW News,How a student tackles Nigeria's environmental problems | Global Ideas,6.4K,2 years,Oluwaseyi Moejoh is committed to making Nigeria a cleaner place. Lagos is choking in garbage ‚Äì a threat to the environment and¬†...,2024-01-29 19:48:20.554203
/watch?v=yQOvEh9io7I&pp=ygUUZW52aXJvbm1lbnRhbCBpc3N1ZXM%3D,/@OHeraldoGoa,Heraldgoa,Environmental Concerns Rise; Food Stall Owners Disregard Waste Disposal at Ongoing Lokostav Festival,85,13 hours,"The food stall occupants at the ongoing Lokostav festival have been observed dumping mixed waste directly on the riverside,¬†...",2024-01-29 19:48:20.555420
/watch?v=e0JcPw9S1-U&pp=ygUUZW52aXJvbm1lbnRhbCBpc3N1ZXM%3D,/@UnacademyStudiosPlacebo,Let's Crack NEET UG,Environmental Issues | Part 1 | Biology | NEET 2023 | Ritu Rattewal,87K,Streamed 1 year,"In this session, Educator Ritu Rattewal will be discussing Environmental Issues from Ecology and environment for NEET 2023.",2024-01-29 19:48:20.556667
/watch?v=qsZ4nO1k5H8&pp=ygUUZW52aXJvbm1lbnRhbCBpc3N1ZXM%3D,/@centreforpolicyresearch6403,Centre for Policy Research,Why some issues remain electorally non-salient: the case of Air Pollution,52,11 hours,Wanted to sort of challenge a little bit is this idea that there is this General uh notion right that uh addressing environmental issues¬†...,2024-01-29 19:48:20.557925
/watch?v=-tBK8IjqHyE&pp=ygUUZW52aXJvbm1lbnRhbCBpc3N1ZXM%3D,/@DrishtiIASEnglish,Drishti IAS : English,Impact of GM Crops on Environment | Environment Primer | Drishti IAS English,598,12 hours,"Dear Viewers, Welcome to the latest initiative of Drishti IAS English YouTube channel - ‚ÄúEnvironment Primer‚Äù. Environment as a¬†...",2024-01-29 19:48:20.559391
/watch?v=8shas6E7uhE&pp=ygUUZW52aXJvbm1lbnRhbCBpc3N1ZXM%3D,/@getreadyacademyformanageri5054,Get Ready Academy for Managerial Skills,The Green Marketing Revolution - Changing Perspectives #management #marketing #mba #business #usa,No,19 hours,"The Green Marketing Revolution Both consumers and companies are changing the way they view environmental issues, as the¬†...",2024-01-29 19:48:20.560638
/watch?v=-BwnGd4ltx4&pp=ygUUZW52aXJvbm1lbnRhbCBpc3N1ZXM%3D,/@corporatesecrecy,Corporate Secrecy,Chevron's Environmental and Human Rights Issues,No,16 hours,Title: Chevron's Environmental and Human Rights Issues -------------------------------------------------- Thanks for watching. Recommend¬†...,2024-01-29 19:48:20.561944
/watch?v=OPhTHuST6Zk&pp=ygUUZW52aXJvbm1lbnRhbCBpc3N1ZXM%3D,/@kdlivepcs,KD LIVE PCS,"UP RO / ARO & PCS 2024  Science, Ecology, and Environment  | Quick Revision Series 04 | #kdlivebpcs",No,Streamed 9 hours,Get ready to tackle questions related to environmental science. Environmental Issues: Dive into contemporary environmental¬†...,2024-01-29 19:48:20.563236
/watch?v=rqJ5wTYbY8M&pp=ygUUZW52aXJvbm1lbnRhbCBpc3N1ZXM%3D,/@sambrialcity,Sambrial City,"Unveiling the Crucial Public Issues in Sambrial, Sialkot: A Comprehensive Exploration",No,15 hours,Infrastructure challenges Sialkot 6. Public services Sambrial 7. Civic problems Sialkot 8. Environmental issues Sambrial 9. Sialkot¬†...,2024-01-29 19:48:20.564659
/watch?v=DXer9CDcwDQ&pp=ygUUZW52aXJvbm1lbnRhbCBpc3N1ZXM%3D,/@Nitinkumartalks,Nitin Indian Insights,Soup Attack on Mona Lisa! üé®üç≤ What is wrong with climate activist?,No,11 hours,"Examine the group's objectives, emphasizing their dedication to addressing environmental issues. Caught on Camera Highlight¬†...",2024-01-29 19:48:20.566090
/watch?v=0sa_a16ZziE&pp=ygUUZW52aXJvbm1lbnRhbCBpc3N1ZXM%3D,/@getreadyacademyformanageri5054,Get Ready Academy for Managerial Skills,The Green Marketing Revolution - Consumer and Company Perspectives #management #marketing #mba #usa,No,19 hours,"The Green Marketing Revolution Both consumers and companies are changing the way they view environmental issues, as the¬†...",2024-01-29 19:48:20.567433
/shorts/m-iuMzgBak0,/@CEHN1,Children's Environmental Health Network,"Environmental Pollution, Climate Change, Energy Injustice and Children's Health",No,20 hours,"... Witherspoon spoke on how pollution, climate change, energy injustice, and other environmental issues impact children's health.",2024-01-29 19:48:20.570324
/watch?v=8j8ccJPfMaA&pp=ygUUZW52aXJvbm1lbnRhbCBpc3N1ZXM%3D,/@NCERTWallahPW,NCERT Wallah,Environmental Issues 01 | Air pollution & Its Control |Class 12th/CUET,40K,1 year,"For complete notes of Lectures, visit SANKALP 2023 Batch in the Batch Section of PhysicsWallah App/Website. PW App Link¬†...",2024-01-29 19:48:20.574408
/watch?v=fuXxanTQZsw&pp=ygUUZW52aXJvbm1lbnRhbCBpc3N1ZXM%3D,/@FasTrackIELTS,Fastrack IELTS,IELTS Vocabulary and Ideas: Environment | Writing & Speaking,131K,4 years,¬ªIELTS PREPARATION MATERIALS¬´ PDF: IELTS Vocabulary and Ideas: Environment http://bit.ly/vocab-env Synonyms for¬†...,2024-01-29 19:48:20.576653
/watch?v=2tPl-jjLHCc&pp=ygUUZW52aXJvbm1lbnRhbCBpc3N1ZXM%3D,/@NAFCONvideos,NAFCON USA,Environmental Issues of the Philippines,72K,9 years,Join NAFCON as we work toward environmental justice and sustainability in the Philippines. Visit us at www.nafconusa.org to find¬†...,2024-01-29 19:48:20.578027
/watch?v=_rEz2QtFuWQ&pp=ygUUZW52aXJvbm1lbnRhbCBpc3N1ZXM%3D,/@PW-NEETWallah,Competition Wallah,ENVIRONMENTAL ISSUES in 1 Shot - All Theory & PYQs | NEET Crash Course | UMEED 2.0,161K,1 year,TIME STAMPS - 0:00 ‚Äì Introduction 00:55 ‚Äì Pollution 2:41 ‚Äì Air Pollution and its Control 17:07 ‚Äì Water Pollution and its Control¬†...,2024-01-29 19:48:20.579973
/watch?v=9oTO5-bXh4Q&pp=ygUUZW52aXJvbm1lbnRhbCBpc3N1ZXM%3D,/@BEATBEATdNEET,BEAT d NEET,Environmental Issues Audiobook | Ecology NCERT Audiobook | Class 12 Biology Audiobook |NCERT Reading,50K,3 years,EnvironmentalIssuesAudiobook #Class12BiologyAudiobook #EcologyNCERTAudiobook #NCERTReading¬†...,2024-01-29 19:48:30.552706
/watch?v=Ot_4VSmPQk4&pp=ygUUZW52aXJvbm1lbnRhbCBpc3N1ZXM%3D,/@LearnEnglishHamzaClassroom,Learn English Hamza Classroom,Environmental Problems | Speaking English Fluently | Common Daily Expressions,53K,4 years,EnvironmentalProblems #LearnEnglishHamzaClassroom #LearnEnglish #BasicEnglish #EnglishLesson¬†...,2024-01-29 19:48:30.557005
/watch?v=ukmwLvpBVkc&pp=ygUUZW52aXJvbm1lbnRhbCBpc3N1ZXM%3D,/@DeependrasirBotany,Deependra sir Botany,Environmental Issues One Shot | NEET 2023 | Biology | By Deependra Sir,12K,Streamed 9 months,"This video is helpful for every neet aspirants , in this video you will watch most important chapter of biology , Environmental Issues¬†...",2024-01-29 19:48:30.560121
/watch?v=G4H1N_yXBiA&pp=ygUUZW52aXJvbm1lbnRhbCBpc3N1ZXM%3D,/@NatGeo,National Geographic,Causes and Effects of Climate Change | National Geographic,4.7M,6 years,"About National Geographic: National Geographic is the world's premium destination for science, exploration, and adventure.",2024-01-29 19:48:30.564349
/watch?v=eRLJscAlk1M&pp=ygUUZW52aXJvbm1lbnRhbCBpc3N1ZXM%3D,/@PrinceEa,Prince Ea,Dear Future Generations: Sorry (2024),33M,8 years,An Apology Letter to Future Generations. Sorry. TEXT ME: 314-207-4482   URGENT: YouTube won't show you my NEW¬†...,2024-01-29 19:48:30.567450
/shorts/bh7-SKiI3n8,/@ALBiodiversity,Biodiversity,Top 5 Environmental Issues,201,8 months,"Original content. Credits HIPPO acronym, E.O. Wilson. Music Song: Hard Hitters Artist: Donell Mase.",2024-01-29 19:48:30.570874
/watch?v=x8Rxx3GkhKU&pp=ygUUZW52aXJvbm1lbnRhbCBpc3N1ZXM%3D,/@sciencebasics3064,Science Basics,Importance of Knowledge in Environmental Issues,3.1K,1 year,"Philippine Environment Month Celebration KINAADMAN: Importance of Knowledge in Environmental Issues Time: Jun 5, 2021¬†...",2024-01-29 19:48:30.573780
/watch?v=ABa-9fXyygw&pp=ygUUZW52aXJvbm1lbnRhbCBpc3N1ZXM%3D,/@nowthisimpact,NowThis Impact,Top 5 Environmental Issues Impacting Hispanic and Latine Communities,3.6K,1 year,For more environmental news subscribe to NowThis News. #hispanicheritagemonth #environment #environmental #Politics¬†...,2024-01-29 19:48:30.577054
/watch?v=PrZTv5hBDc4&pp=ygUUZW52aXJvbm1lbnRhbCBpc3N1ZXM%3D,/@MyMukeshSir,Physics Gyaan Mukesh Nayak,"Biodiversity, Conservation and Environmental Issues | One Shot Series | HSC Board-2023 | #biology",13K,1 year,"Hello My Dear Students, Welcome To Our Channel... Hello my dear students, welcome to our channel. In this video we are going¬†...",2024-01-29 19:48:30.580169
/watch?v=2Idq0jZDAFA&pp=ygUUZW52aXJvbm1lbnRhbCBpc3N1ZXM%3D,/@InternationalPartnershipsEU,EU International Partnerships,Environmental issues in Central Asia,1.7K,5 years,90 sec. version.,2024-01-29 19:48:30.583021
/watch?v=xUojoq_aBPQ&pp=ygUUZW52aXJvbm1lbnRhbCBpc3N1ZXM%3D,/@electricenglish,Electric English,Environmental Issues MCQs Marathon For PSSSB Exams | Environmental Issues GK | Electric English,4.3K,7 months,Environmental Issues MCQs Marathon For PSSSB Clerk Cum Data Entry Operator || Electric English ‚úìJoin the Official Telegram¬†...,2024-01-29 19:48:30.585951
/watch?v=1U2o3o78o04&pp=ygUUZW52aXJvbm1lbnRhbCBpc3N1ZXM%3D,/@MagnetBrainsEducation,Magnet Brains,Class 12 Biology Chapter 16 | Introduction - Environmental Issues (2022-23),68K,4 years,"=============================================== ‚úì In this video, ‚úîÔ∏è Class: 12th ‚úîÔ∏è Subject: Biology ‚úîÔ∏è Chapter:¬†...",2024-01-29 19:48:30.589985
/watch?v=gI1p1K7jF1A&pp=ygUUZW52aXJvbm1lbnRhbCBpc3N1ZXM%3D,/@UASocialSchool,Social School by Unacademy,Environment and Natural Resources | India‚Äôs Stand on Environmental Issues| Class 12Political Science,23K,1 year,"In this session, Educator Digraj Singh Rajput will be discussing India's Stand on Environmental Issues from the chapter¬†...",2024-01-29 19:48:30.592969
/watch?v=icsvDMVRT3A&pp=ygUUZW52aXJvbm1lbnRhbCBpc3N1ZXM%3D,/@StudyPlanetbyMANISHTHAKUR,Study Planet,Global Environmental Issues | North-South Conflict on Environment | Agenda 21 | Detail Explanation,34K,1 year,globalenvironmentissues #environmentalchallenges #environmentproblems #northsouthdivision #agenda21 #riosummit¬†...,2024-01-29 19:48:30.595858
/watch?v=yrO7ew1ee9k&pp=ygUUZW52aXJvbm1lbnRhbCBpc3N1ZXM%3D,/@LandmarkStories,Landmark Stories,Tackling Big Environmental Challenges - [Trailer],1K,4 years,"You hear about environmental issues on the news, but often not about the people working tirelessly to solve them. Join us as we¬†...",2024-01-29 19:48:30.598877
/watch?v=71HNTNebMiE&pp=ygUUZW52aXJvbm1lbnRhbCBpc3N1ZXM%3D,/@rabiatulazman9606,Rabiatul Azman,Environmental issue in Malaysia,3.9K,3 years,This is a video for educational purposes. The stock videos are credited in the end credits. I don't own the songs.,2024-01-29 19:48:30.601738
/watch?v=A0pB1qw8SMs&pp=ygUUZW52aXJvbm1lbnRhbCBpc3N1ZXM%3D,/@worldish6181,WORLDISH,10 Major Current Environmental Problems,379K,6 years,Music Attribution: At Rest - Romance by Kevin MacLeod is licensed under a Creative Commons Attribution licence¬†...,2024-01-29 19:48:30.605706
/watch?v=dcgq4jaUqLE&pp=ygUUZW52aXJvbm1lbnRhbCBpc3N1ZXM%3D,/@POLSCHELP,POL SC HELP,GLOBAL ENVIRONMENTAL ISSUE: Climate change and Global Commons,76K,3 years,"Explains global environmental issues, particularly Climate change and Global Commons, their genesis, challenges, international¬†...",2024-01-29 19:48:30.608695
/watch?v=CTCEJX3d0IE&pp=ygUUZW52aXJvbm1lbnRhbCBpc3N1ZXM%3D,/@Sumanpreetkaur0786,Math With Sumanpreet Kaur,ENVIRONMENT ISSUES | PSSSB FOREST GUARD/VDO/CLERK | ENVIRONMENT MCQ |  ENVIRONMENT GK MCQs #psssb *3,13K,1 year,‡®µ‡®æ‡®§‡®æ‡®µ‡®∞‡®£ environment punjabi Environment mcq environment environment tet question ENVIRONMENT // Practice with¬†...,2024-01-29 19:48:30.611927
/watch?v=4bXfDBbdqgk&pp=ygUUZW52aXJvbm1lbnRhbCBpc3N1ZXM%3D,/@BBCNews,BBC News,"Australia's environment in 'shocking' decline, report finds - BBC News",133K,1 year,"Australia's environment is in a shocking state and faces further decline from amplifying threats, according to an anticipated report.",2024-01-29 19:48:39.574434
/watch?v=EVyXjxLceBg&pp=ygUUZW52aXJvbm1lbnRhbCBpc3N1ZXM%3D,/@thomaspandolfi3147,Thomas Pandolfi,Global Environmental Issues,86K,9 years,global environmental issues and challenges facing mankind.,2024-01-29 19:48:39.577604
/watch?v=VdSqPMggrtY&pp=ygUUZW52aXJvbm1lbnRhbCBpc3N1ZXM%3D,/@EnglishPW,Physics Wallah - English,Environmental Issues 01 | Air Pollution and Its Control | Pure English | 12th/NEET/CUET,4.2K,1 year,Excellence Batch is for all the students of the NCERT Class 12th Boards /IIT-JEE | NEET | CUET Class all the notes will be¬†...,2024-01-29 19:48:39.582603
/watch?v=MqermIBhzAI&pp=ygUUZW52aXJvbm1lbnRhbCBpc3N1ZXM%3D,/@TheAtlantic,The Atlantic,What Is the Biggest Environmental Problem People Don't Know About?,103K,8 years,"At this year's Aspen Ideas Festival, we asked a group of scientists, activists, and filmmakers to name the largest environmental¬†...",2024-01-29 19:48:39.586279
/watch?v=rkihVxeAM68&pp=ygUUZW52aXJvbm1lbnRhbCBpc3N1ZXM%3D,/@GetintoIAS,GetintoIAS,Environmental Issues & Health Effects | Environment | Shankar IAS Book | English | UPSC | GetintoIAS,15K,4 years,Environmental Issues and Health Effects | Environment & Ecology | Shankar IAS Book | In English | UPSC | GetintoIAS.com About¬†...,2024-01-29 19:48:39.588826
/watch?v=eesBUBxH-FY&pp=ygUUZW52aXJvbm1lbnRhbCBpc3N1ZXM%3D,/@electricenglish,Electric English,Environmental Issues Class-1 PSSSB Forest Guard/Clerk/VDO/Excise | Environment MCQs | Environment GK,7.2K,Streamed 1 year,Environmental Issues Class-1 PSSSB Forest Guard/Clerk/VDO/Excise | Environment MCQs | Environment GK @electricenglish¬†...,2024-01-29 19:48:39.592827
/watch?v=ZqduypIBvfU&pp=ygUUZW52aXJvbm1lbnRhbCBpc3N1ZXM%3D,/@RakshitaSingh,Rakshita Singh,Environmental Issues One Shot | NEET 2022.,104K,Streamed 1 year,How to score 360 in 45 Days in Biology for NEET 2022. Join Telegram for Notes: https://t.me/rakshita_singh07 Instagram:¬†...,2024-01-29 19:48:39.596138
/watch?v=X2YgM1Zw4_E&pp=ygUUZW52aXJvbm1lbnRhbCBpc3N1ZXM%3D,/@SmileandLearnEnglish,Smile and Learn - English,How to Take Care of the Environment - 10 Ways to Take Care of the Environment,1.3M,3 years,Educational video for children to learn what the environment is and how we can look after it better. These are our ten tips and¬†...,2024-01-29 19:48:39.600605
/watch?v=g-W4XDvBRDY&pp=ygUUZW52aXJvbm1lbnRhbCBpc3N1ZXM%3D,/@StartsWithUs,Starts With Us,The History of Environmental Issues in U.S. Politics,11K,7 months,Climate change and the environment used to be a bipartisan issue‚Ä¶ What changed? A short history and timeline of¬†...,2024-01-29 19:48:39.603749
/watch?v=FDrhP9LrjYU&pp=ygUUZW52aXJvbm1lbnRhbCBpc3N1ZXM%3D,/@NEET_JEEBYUTKARSHCLASSES,NEET & JEE by UTKARSH CLASSES,Environmental Issues #2 | Biology | NEET 2023 | NCERT Page By Page | Pratham Nahata Sir,6.1K,Streamed 10 months,nahatasir #Neet&jeeByUtkarshclasses #neet2023preparation Environmental Issues #2 | Biology | NEET 2023 | NCERT Page By¬†...,2024-01-29 19:48:39.606908
/watch?v=hKSHbm30up8&pp=ygUUZW52aXJvbm1lbnRhbCBpc3N1ZXM%3D,/@TEDx,TEDx Talks,Solution to social and environmental issues is a must for businesses | Rick Wheatley | TEDxOsloSalon,6K,5 years,"69 of the 100 largest economic entities on the planet are corporations, but business can't continue to be big if it doesn't take a¬†...",2024-01-29 19:48:39.610775
/watch?v=oQq3axWF8o0&pp=ygUUZW52aXJvbm1lbnRhbCBpc3N1ZXM%3D,/@DrHariomGangwar,Dr. Hariom Gangwar,Crash Course | Environmental Issues | By Dr. Hariom Gangwar,1.6K,9 months,THANK YOU SO MUCH FOR YOUR LOVE AND SUPPORT Download NEET Abhyas¬†...,2024-01-29 19:48:39.613726
/watch?v=gJNHTbkl5Ag&pp=ygUUZW52aXJvbm1lbnRhbCBpc3N1ZXM%3D,/@PunjabAdda247,Punjab Adda247,PSSSB Excise/VDO /Clerk Environmental Issues Most Expected Questions based on Ecosystem,1.6K,Streamed 1 year,PSSSB Excise/VDO /Clerk Environmental Issues Most Expected Questions based on Ecosystem ****** Welcome to Punjab¬†...,2024-01-29 19:48:39.617065
/watch?v=45BzLUxyggM&pp=ygUUZW52aXJvbm1lbnRhbCBpc3N1ZXM%3D,/@Sumanpreetkaur0786,Math With Sumanpreet Kaur,ENVIRONMENT ISSUES | PSSSB FOREST GUARD/VDO/CLERK | ENVIRONMENT MCQ |  ENVIRONMENT GK MCQs #psssb (1,36K,1 year,‡®µ‡®æ‡®§‡®æ‡®µ‡®∞‡®£ environment punjabi Environment mcq environment environment tet question ENVIRONMENT // Practice with¬†...,2024-01-29 19:48:39.620275
/watch?v=ir-HYB34lko&pp=ygUUZW52aXJvbm1lbnRhbCBpc3N1ZXM%3D,/@UANeetToppers,Unacademy NEET Toppers,Environmental Issues | L1 | Saarthi | NEET 2023 | Gargi Singh,8.5K,Streamed 1 year,"In this session, Educator Gargi Singh will be discussing about Environmental Issues for NEET 2023. Watch this complete video to¬†...",2024-01-29 19:48:39.623237
/watch?v=izC83wmNyOo&pp=ygUUZW52aXJvbm1lbnRhbCBpc3N1ZXM%3D,/@GreenEnvironments,Green Environments ,Environmental problems | Africa | environmental degradation | list of environmental issues,838,9 months,"Africa is a continent that is home to a diverse range of ecosystems and wildlife, and yet it is facing numerous environmental¬†...",2024-01-29 19:48:39.626231
/watch?v=W_hZAPlxs3g&pp=ygUUZW52aXJvbm1lbnRhbCBpc3N1ZXM%3D,/@environmentcomag,Environment co,6 Ways to Raise Awareness About Environmental Issues,1.9K,1 year,There's no way around it. We can only protect our planet through action. This effort can't happen without educating the masses¬†...,2024-01-29 19:48:39.629076
/shorts/gRDG6kFaGEk,/@HumanProgressOrg,Human Progress,Today's environmental problems require private-sector solutions,1K,8 months,Todd Myers argues innovation‚Äînot outdated regulations‚Äîwill solve today's environmental challenges. Watch the full interview:¬†...,2024-01-29 19:48:39.632160
/shorts/fu513tTTs14,/@TheNeetBeat,The NEET Beat,Biology XII -16 ENVIRONMENTAL ISSUES -Important Point #neet2022 #aiims #afmc #shorts #youtubeshorts,16K,1 year,The 'short' contains FACTUAL Information from the NCERT Biology Class - XII that will help NEET Aspirants remember the one¬†...,2024-01-29 19:48:39.634926
